"date","EventProcessedUtcTime","PartitionId","EventEnqueuedUtcTime","metadata_deviceType","metadata_studentId","metadata_uid","telemetry_temperature","telemetry_pressure","telemetry_humidity","telemetry_windSpeed","telemetry_windDirection","IoTHub_ConnectionDeviceId"
2019-07-29T00:00:00.0000000,2019-07-29T22:00:08.3171480Z,1,2019-07-29T22:00:08.1930000Z,"WeatherStation","75D6B3E4","6AB51666F5C170A8",31.700000762939453,1008.986328125,38.900001525878906,20.600006103515625,103,"device-00000001"
2019-07-29T00:00:00.0000000,2019-07-29T22:00:18.4794210Z,1,2019-07-29T22:00:18.4180000Z,"WeatherStation","75D6B3E4","DF129EEC5FA991BC",31.5,1009.000732421875,38.5,20.600006103515625,102,"device-00000001"
2019-07-29T00:00:00.0000000,2019-07-29T21:54:54.3571800Z,1,2019-07-29T21:54:54.2570000Z,"WeatherStation","75D6B3E4","9C3C6F3155E4E1FB",31.700000762939453,1009.033203125,39.900001525878906,18.799999237060547,84,"device-00000001"
2019-07-29T00:00:00.0000000,2019-07-29T22:00:28.5897923Z,1,2019-07-29T22:00:28.5140000Z,"WeatherStation","75D6B3E4","826BE35A8850679C",31.700000762939453,1008.94677734375,38.599998474121094,20.600006103515625,102,"device-00000001"
2019-07-29T00:00:00.0000000,2019-07-29T21:55:24.6204495Z,1,2019-07-29T21:55:24.4920000Z,"WeatherStation","75D6B3E4","CEE9B623B23B4D5A",31.5,1009.0185546875,40.299999237060547,18.799999237060547,82,"device-00000001"
2019-07-29T00:00:00.0000000,2019-07-29T22:00:38.6912559Z,1,2019-07-29T22:00:38.6430000Z,"WeatherStation","75D6B3E4","EAD831FDAAC1D487",31.799999237060547,1009.004638671875,38.700000762939453,20.600006103515625,102,"device-00000001"
2019-07-29T00:00:00.0000000,2019-07-29T21:55:44.7418797Z,1,2019-07-29T21:55:44.6860000Z,"WeatherStation","75D6B3E4","481ED8CADCDC6792",31.700000762939453,1009.013427734375,40.599998474121094,35.2000617980957,77,"device-00000001"
2019-07-29T00:00:00.0000000,2019-07-29T22:00:48.8903969Z,1,2019-07-29T22:00:48.7730000Z,"WeatherStation","75D6B3E4","7560D83A484A4799",32.099998474121094,1008.949951171875,39.099998474121094,20.600006103515625,101,"device-00000001"
2019-07-29T00:00:00.0000000,2019-07-29T21:56:04.9601748Z,1,2019-07-29T21:56:04.8780000Z,"WeatherStation","75D6B3E4","C5A33615636104CC",31.600000381469727,1008.98046875,39.799999237060547,35.2000617980957,83,"device-00000001"
2019-07-29T00:00:00.0000000,2019-07-29T22:00:59.0048254Z,1,2019-07-29T22:00:58.9010000Z,"WeatherStation","75D6B3E4","9FC360C7ECF667AD",32.5,1008.99169921875,39.799999237060547,20.600006103515625,101,"device-00000001"
2019-07-29T00:00:00.0000000,2019-07-29T21:56:15.1662176Z,1,2019-07-29T21:56:15.0710000Z,"WeatherStation","75D6B3E4","651ACC53F04C6E57",31.700000762939453,1009.029052734375,39.299999237060547,35.2000617980957,85,"device-00000001"
2019-07-29T00:00:00.0000000,2019-07-29T22:01:09.1165274Z,1,2019-07-29T22:01:09.0150000Z,"WeatherStation","75D6B3E4","7F547A8B758C5D83",32.799999237060547,1008.976806640625,39.700000762939453,20.600006103515625,102,"device-00000001"
2019-07-29T00:00:00.0000000,2019-07-29T21:56:25.2786479Z,1,2019-07-29T21:56:25.2290000Z,"WeatherStation","75D6B3E4","20462CD86642A197",31.700000762939453,1008.969482421875,39.400001525878906,35.2000617980957,83,"device-00000001"
2019-07-29T00:00:00.0000000,2019-07-29T22:01:19.3389169Z,1,2019-07-29T22:01:19.2020000Z,"WeatherStation","75D6B3E4","8D347542997C8591",33.099998474121094,1008.971435546875,39.799999237060547,20.600006103515625,102,"device-00000001"
2019-07-29T00:00:00.0000000,2019-07-29T21:56:35.4934640Z,1,2019-07-29T21:56:35.3580000Z,"WeatherStation","75D6B3E4","6D824325A7547707",31.799999237060547,1009.000732421875,39.400001525878906,35.2000617980957,84,"device-00000001"
2019-07-29T00:00:00.0000000,2019-07-29T22:01:29.4557614Z,1,2019-07-29T22:01:29.3640000Z,"WeatherStation","75D6B3E4","D24E9A226ED32FC3",33.299999237060547,1008.988037109375,39.5,20.600006103515625,102,"device-00000001"
2019-07-29T00:00:00.0000000,2019-07-29T21:56:45.6013725Z,1,2019-07-29T21:56:45.4850000Z,"WeatherStation","75D6B3E4","08F3424C71D8A051",31.799999237060547,1008.990234375,39,35.2000617980957,86,"device-00000001"
2019-07-29T00:00:00.0000000,2019-07-29T22:01:39.5700567Z,1,2019-07-29T22:01:39.4940000Z,"WeatherStation","75D6B3E4","1F1B7E8DEAA9E063",33.400001525878906,1008.99853515625,39.200000762939453,20.600006103515625,104,"device-00000001"
2019-07-29T00:00:00.0000000,2019-07-29T21:56:55.7307916Z,1,2019-07-29T21:56:55.6020000Z,"WeatherStation","75D6B3E4","6DDDCBFDBB9A96C7",31.899999618530273,1008.982421875,39.400001525878906,35.2000617980957,85,"device-00000001"
2019-07-29T00:00:00.0000000,2019-07-29T22:01:49.6866199Z,1,2019-07-29T22:01:49.6220000Z,"WeatherStation","75D6B3E4","984A6CDF67D167F2",33.5,1008.9931640625,39,20.600006103515625,103,"device-00000001"
2019-07-29T00:00:00.0000000,2019-07-29T21:57:05.8412438Z,1,2019-07-29T21:57:05.7310000Z,"WeatherStation","75D6B3E4","651ACC53F04C6E57",31.700000762939453,1008.983154296875,39.200000762939453,35.2000617980957,85,"device-00000001"
2019-07-29T00:00:00.0000000,2019-07-29T22:01:59.8074801Z,1,2019-07-29T22:01:59.7360000Z,"WeatherStation","75D6B3E4","F573FE5E9384BB56",33.599998474121094,1008.9775390625,39,20.600006103515625,103,"device-00000001"
2019-07-29T00:00:00.0000000,2019-07-29T21:57:15.9660515Z,1,2019-07-29T21:57:15.8740000Z,"WeatherStation","75D6B3E4","D4553E4846DE8216",31.700000762939453,1008.9873046875,39.200000762939453,35.2000617980957,84,"device-00000001"
2019-07-29T00:00:00.0000000,2019-07-29T22:02:09.9197621Z,1,2019-07-29T22:02:09.8680000Z,"WeatherStation","75D6B3E4","0884FA5ACE7F985A",33.5,1008.995849609375,38.299999237060547,20.600006103515625,102,"device-00000001"
2019-07-29T00:00:00.0000000,2019-07-29T21:57:26.0633792Z,1,2019-07-29T21:57:25.9720000Z,"WeatherStation","75D6B3E4","6D824325A7547707",31.799999237060547,1008.979736328125,39,35.2000617980957,84,"device-00000001"
2019-07-29T00:00:00.0000000,2019-07-29T22:02:20.0466165Z,1,2019-07-29T22:02:19.9970000Z,"WeatherStation","75D6B3E4","555DDA282A9C951E",33.099998474121094,1009.015380859375,37.599998474121094,20.600006103515625,103,"device-00000001"
2019-07-29T00:00:00.0000000,2019-07-29T21:57:36.1705267Z,1,2019-07-29T21:57:36.1000000Z,"WeatherStation","75D6B3E4","6D824325A7547707",31.799999237060547,1008.968994140625,39.099998474121094,35.2000617980957,84,"device-00000001"
2019-07-29T00:00:00.0000000,2019-07-29T22:02:30.1711592Z,1,2019-07-29T22:02:30.1120000Z,"WeatherStation","75D6B3E4","518DE053FBD9656C",32.900001525878906,1008.97607421875,36.900001525878906,20.600006103515625,103,"device-00000001"
2019-07-29T00:00:00.0000000,2019-07-29T21:57:46.2798537Z,1,2019-07-29T21:57:46.2290000Z,"WeatherStation","75D6B3E4","D4801BE5BA6F1FD7",31.899999618530273,1008.984375,39.200000762939453,35.2000617980957,84,"device-00000001"
2019-07-29T00:00:00.0000000,2019-07-29T22:02:40.2979707Z,1,2019-07-29T22:02:40.2420000Z,"WeatherStation","75D6B3E4","7F547A8B758C5D83",32.799999237060547,1008.985595703125,37.099998474121094,20.600006103515625,102,"device-00000001"
2019-07-29T00:00:00.0000000,2019-07-29T21:57:56.4855268Z,1,2019-07-29T21:57:56.3540000Z,"WeatherStation","75D6B3E4","8FB14AB6833E0FE1",31.799999237060547,1008.9404296875,39,35.2000617980957,78,"device-00000001"
2019-07-29T00:00:00.0000000,2019-07-29T22:02:50.4178288Z,1,2019-07-29T22:02:50.3700000Z,"WeatherStation","75D6B3E4","DB5C948E295BCCA9",32.700000762939453,1008.994873046875,37.299999237060547,14.399991035461426,102,"device-00000001"
2019-07-29T00:00:00.0000000,2019-07-29T21:58:06.6836932Z,1,2019-07-29T21:58:06.5580000Z,"WeatherStation","75D6B3E4","A81CD71BA24E2C7A",31.700000762939453,1009.02685546875,39.200000762939453,24.800022125244141,87,"device-00000001"
2019-07-29T00:00:00.0000000,2019-07-29T22:03:00.5297599Z,1,2019-07-29T22:03:00.4810000Z,"WeatherStation","75D6B3E4","34D94271B40E13EE",32.5,1008.948486328125,37,14.399991035461426,103,"device-00000001"
2019-07-29T00:00:00.0000000,2019-07-29T21:58:16.8913903Z,1,2019-07-29T21:58:16.7560000Z,"WeatherStation","75D6B3E4","D6E82A89C7F3CB20",31.600000381469727,1009.001953125,39,20.600006103515625,103,"device-00000001"
2019-07-29T00:00:00.0000000,2019-07-29T22:03:30.8840428Z,1,2019-07-29T22:03:30.7580000Z,"WeatherStation","75D6B3E4","1CD0FB968CA8FCD3",32.299999237060547,1008.964599609375,37.099998474121094,14.399991035461426,101,"device-00000001"
2019-07-29T00:00:00.0000000,2019-07-29T21:58:27.0087055Z,1,2019-07-29T21:58:26.9300000Z,"WeatherStation","75D6B3E4","783E63E3C0BB3F95",31.600000381469727,1008.995849609375,39,20.600006103515625,105,"device-00000001"
2019-07-29T00:00:00.0000000,2019-07-29T22:04:01.1242130Z,1,2019-07-29T22:04:01.0150000Z,"WeatherStation","75D6B3E4","62769A08873ABBB0",32,1008.967041015625,37.099998474121094,14.399991035461426,102,"device-00000001"
2019-07-29T00:00:00.0000000,2019-07-29T21:58:37.2210442Z,1,2019-07-29T21:58:37.0880000Z,"WeatherStation","75D6B3E4","CF07E2FF92E2C63B",31.5,1008.992919921875,39.099998474121094,20.600006103515625,104,"device-00000001"
2019-07-29T00:00:00.0000000,2019-07-29T22:04:31.3701065Z,1,2019-07-29T22:04:31.2760000Z,"WeatherStation","75D6B3E4","D032717A7155182D",32,1008.965087890625,37.700000762939453,14.399991035461426,101,"device-00000001"
2019-07-29T00:00:00.0000000,2019-07-29T21:58:47.2291425Z,1,2019-07-29T21:58:47.1690000Z,"WeatherStation","75D6B3E4","EC5557A8F44A0B70",31.5,1008.99560546875,39.400001525878906,20.600006103515625,101,"device-00000001"
2019-07-29T00:00:00.0000000,2019-07-29T22:05:01.6277933Z,1,2019-07-29T22:05:01.5360000Z,"WeatherStation","75D6B3E4","9819C3F68FD52996",32.099998474121094,1008.923095703125,37,14.399991035461426,103,"device-00000001"
2019-07-29T00:00:00.0000000,2019-07-29T21:58:57.4396909Z,1,2019-07-29T21:58:57.2990000Z,"WeatherStation","75D6B3E4","FA36455F02536F65",31.700000762939453,1009.041015625,39.900001525878906,20.600006103515625,101,"device-00000001"
2019-07-29T00:00:00.0000000,2019-07-29T22:05:31.8783883Z,1,2019-07-29T22:05:31.7830000Z,"WeatherStation","75D6B3E4","8257D0C74E0615EB",32,1008.927978515625,36.900001525878906,14.399991035461426,103,"device-00000001"
2019-07-29T00:00:00.0000000,2019-07-29T21:59:07.5450155Z,1,2019-07-29T21:59:07.4250000Z,"WeatherStation","75D6B3E4","826BE35A8850679C",31.700000762939453,1009.02978515625,39.900001525878906,20.600006103515625,102,"device-00000001"
2019-07-29T00:00:00.0000000,2019-07-29T22:06:02.1273617Z,1,2019-07-29T22:06:02.0450000Z,"WeatherStation","75D6B3E4","819A2BED3CBAF018",31.899999618530273,1008.944091796875,36.599998474121094,14.399991035461426,103,"device-00000001"
2019-07-29T00:00:00.0000000,2019-07-29T21:59:17.6663952Z,1,2019-07-29T21:59:17.5570000Z,"WeatherStation","75D6B3E4","668D40245D050AAB",31.600000381469727,1008.990234375,39.400001525878906,20.600006103515625,102,"device-00000001"
2019-07-29T00:00:00.0000000,2019-07-29T22:06:32.3582393Z,1,2019-07-29T22:06:32.3040000Z,"WeatherStation","75D6B3E4","574F99D0AD45DBEA",32.200000762939453,1008.94091796875,36.700000762939453,14.399991035461426,103,"device-00000001"
2019-07-29T00:00:00.0000000,2019-07-29T21:59:27.7785724Z,1,2019-07-29T21:59:27.6990000Z,"WeatherStation","75D6B3E4","D6E82A89C7F3CB20",31.600000381469727,1008.99072265625,39.200000762939453,20.600006103515625,103,"device-00000001"
2019-07-29T00:00:00.0000000,2019-07-29T22:07:02.6240513Z,1,2019-07-29T22:07:02.5610000Z,"WeatherStation","75D6B3E4","9819C3F68FD52996",32.099998474121094,1008.919921875,36.700000762939453,14.399991035461426,103,"device-00000001"
2019-07-29T00:00:00.0000000,2019-07-29T21:59:37.8843559Z,1,2019-07-29T21:59:37.7950000Z,"WeatherStation","75D6B3E4","FA36455F02536F65",31.700000762939453,1008.98681640625,38.700000762939453,20.600006103515625,101,"device-00000001"
2019-07-29T00:00:00.0000000,2019-07-29T22:07:32.9095233Z,1,2019-07-29T22:07:32.8220000Z,"WeatherStation","75D6B3E4","9819C3F68FD52996",32.099998474121094,1008.918212890625,36.900001525878906,14.399991035461426,103,"device-00000001"
2019-07-29T00:00:00.0000000,2019-07-29T21:59:47.9970155Z,1,2019-07-29T21:59:47.9230000Z,"WeatherStation","75D6B3E4","826BE35A8850679C",31.700000762939453,1008.9921875,38.700000762939453,20.600006103515625,102,"device-00000001"
2019-07-29T00:00:00.0000000,2019-07-29T22:08:03.1587534Z,1,2019-07-29T22:08:03.0780000Z,"WeatherStation","75D6B3E4","62769A08873ABBB0",32,1008.914794921875,37,14.399991035461426,102,"device-00000001"
2019-07-29T00:00:00.0000000,2019-07-29T21:59:58.2105553Z,1,2019-07-29T21:59:58.0500000Z,"WeatherStation","75D6B3E4","5DE4B96BB106D96C",31.799999237060547,1008.970947265625,39,20.600006103515625,101,"device-00000001"
2019-07-29T00:00:00.0000000,2019-07-29T22:08:33.4079896Z,1,2019-07-29T22:08:33.3380000Z,"WeatherStation","75D6B3E4","01A3CC482BF2F65D",32.200000762939453,1008.9306640625,36.299999237060547,14.399991035461426,104,"device-00000001"
2019-07-29T00:00:00.0000000,2019-07-29T22:09:03.6537642Z,1,2019-07-29T22:09:03.6000000Z,"WeatherStation","75D6B3E4","01A3CC482BF2F65D",32.200000762939453,1008.916259765625,36.900001525878906,14.399991035461426,104,"device-00000001"
2019-07-29T00:00:00.0000000,2019-07-29T22:09:33.9900276Z,1,2019-07-29T22:09:33.8600000Z,"WeatherStation","75D6B3E4","01A3CC482BF2F65D",32.200000762939453,1008.874755859375,36.400001525878906,14.399991035461426,104,"device-00000001"
2019-07-29T00:00:00.0000000,2019-07-29T22:10:04.2434045Z,1,2019-07-29T22:10:04.1140000Z,"WeatherStation","75D6B3E4","574F99D0AD45DBEA",32.200000762939453,1008.921630859375,37.700000762939453,14.399991035461426,103,"device-00000001"
2019-07-29T00:00:00.0000000,2019-07-29T22:10:34.4938511Z,1,2019-07-29T22:10:34.3800000Z,"WeatherStation","75D6B3E4","738A49B7FAED4DC4",32.200000762939453,1008.84912109375,36.200000762939453,14.399991035461426,102,"device-00000001"
2019-07-29T00:00:00.0000000,2019-07-29T22:11:04.7591890Z,1,2019-07-29T22:11:04.6280000Z,"WeatherStation","75D6B3E4","0EC003E0624520F9",32.299999237060547,1008.922607421875,35.900001525878906,14.399991035461426,102,"device-00000001"
2019-07-29T00:00:00.0000000,2019-07-29T22:11:34.9900018Z,1,2019-07-29T22:11:34.9370000Z,"WeatherStation","75D6B3E4","62769A08873ABBB0",32,1008.90283203125,36.299999237060547,14.399991035461426,102,"device-00000001"
2019-07-29T00:00:00.0000000,2019-07-29T22:12:05.3740369Z,1,2019-07-29T22:12:05.2530000Z,"WeatherStation","75D6B3E4","4801FEA8A0BA1F59",32.099998474121094,1008.8896484375,37.099998474121094,14.399991035461426,104,"device-00000001"
2019-07-29T00:00:00.0000000,2019-07-29T22:12:35.6416109Z,1,2019-07-29T22:12:35.5580000Z,"WeatherStation","75D6B3E4","62769A08873ABBB0",32,1008.880126953125,38.400001525878906,14.399991035461426,102,"device-00000001"
2019-07-29T00:00:00.0000000,2019-07-29T22:13:05.9495830Z,1,2019-07-29T22:13:05.8710000Z,"WeatherStation","75D6B3E4","819A2BED3CBAF018",31.899999618530273,1008.912841796875,37.900001525878906,14.399991035461426,103,"device-00000001"
2019-07-29T00:00:00.0000000,2019-07-29T22:13:36.2372174Z,1,2019-07-29T22:13:36.1220000Z,"WeatherStation","75D6B3E4","62769A08873ABBB0",32,1008.839111328125,38,14.399991035461426,102,"device-00000001"
2019-07-29T00:00:00.0000000,2019-07-29T22:14:06.6094375Z,1,2019-07-29T22:14:06.4790000Z,"WeatherStation","75D6B3E4","C75E6BEBBB0A222E",31.899999618530273,1008.922119140625,37.700000762939453,14.399991035461426,104,"device-00000001"
2019-07-29T00:00:00.0000000,2019-07-29T22:14:36.9838130Z,1,2019-07-29T22:14:36.8580000Z,"WeatherStation","75D6B3E4","DA22FE34AB3314C7",31.799999237060547,1008.884521484375,37.400001525878906,14.399991035461426,104,"device-00000001"
2019-07-29T00:00:00.0000000,2019-07-29T22:15:07.2190257Z,1,2019-07-29T22:15:07.1060000Z,"WeatherStation","75D6B3E4","C2C3FF4F643352C7",31.600000381469727,1008.86669921875,37.5,14.399991035461426,103,"device-00000001"
2019-07-29T00:00:00.0000000,2019-07-29T22:15:37.4693199Z,1,2019-07-29T22:15:37.3520000Z,"WeatherStation","75D6B3E4","A4496F01B78B65A9",31.899999618530273,1008.870361328125,37.599998474121094,14.399991035461426,102,"device-00000001"
2019-07-29T00:00:00.0000000,2019-07-29T22:16:07.7379430Z,1,2019-07-29T22:16:07.6800000Z,"WeatherStation","75D6B3E4","01A3CC482BF2F65D",32.200000762939453,1008.811279296875,38.400001525878906,14.399991035461426,104,"device-00000001"
2019-07-29T00:00:00.0000000,2019-07-29T22:16:38.1099798Z,1,2019-07-29T22:16:37.9720000Z,"WeatherStation","75D6B3E4","2E50721588F47887",31.700000762939453,1008.8623046875,38,14.399991035461426,105,"device-00000001"
2019-07-29T00:00:00.0000000,2019-07-29T22:17:08.2800923Z,1,2019-07-29T22:17:08.2460000Z,"WeatherStation","75D6B3E4","C75E6BEBBB0A222E",31.899999618530273,1008.802734375,37.5,14.399991035461426,104,"device-00000001"
2019-07-29T00:00:00.0000000,2019-07-29T22:17:38.6402277Z,1,2019-07-29T22:17:38.4860000Z,"WeatherStation","75D6B3E4","F5DED3B83B087F65",31.799999237060547,1008.801025390625,37.700000762939453,14.399991035461426,105,"device-00000001"
2019-07-29T00:00:00.0000000,2019-07-29T22:18:08.8910607Z,1,2019-07-29T22:18:08.7440000Z,"WeatherStation","75D6B3E4","4801FEA8A0BA1F59",32.099998474121094,1008.83642578125,37.700000762939453,14.399991035461426,104,"device-00000001"
2019-07-29T00:00:00.0000000,2019-07-29T22:18:39.1417902Z,1,2019-07-29T22:18:39.0180000Z,"WeatherStation","75D6B3E4","8257D0C74E0615EB",32,1008.826171875,39.400001525878906,14.399991035461426,103,"device-00000001"
2019-07-29T00:00:00.0000000,2019-07-29T22:19:09.4069692Z,1,2019-07-29T22:19:09.2900000Z,"WeatherStation","75D6B3E4","4801FEA8A0BA1F59",32.099998474121094,1008.821044921875,37.5,14.399991035461426,104,"device-00000001"
2019-07-29T00:00:00.0000000,2019-07-29T22:19:39.6653533Z,1,2019-07-29T22:19:39.5650000Z,"WeatherStation","75D6B3E4","E4342BC7D8D3E79C",32,1008.851318359375,37.400001525878906,14.399991035461426,104,"device-00000001"
2019-07-29T00:00:00.0000000,2019-07-29T22:20:09.8890987Z,1,2019-07-29T22:20:09.7860000Z,"WeatherStation","75D6B3E4","5D488FFE40D2D74C",32,1008.8466796875,37.400001525878906,14.399991035461426,105,"device-00000001"
2019-07-29T00:00:00.0000000,2019-07-29T22:20:40.1760543Z,1,2019-07-29T22:20:40.0430000Z,"WeatherStation","75D6B3E4","C75E6BEBBB0A222E",31.899999618530273,1008.810546875,37.299999237060547,14.399991035461426,104,"device-00000001"
2019-07-29T00:00:00.0000000,2019-07-29T22:21:10.3593046Z,1,2019-07-29T22:21:10.3080000Z,"WeatherStation","75D6B3E4","DA22FE34AB3314C7",31.799999237060547,1008.836181640625,37.200000762939453,14.399991035461426,104,"device-00000001"
2019-07-29T00:00:00.0000000,2019-07-29T22:21:40.6598778Z,1,2019-07-29T22:21:40.5600000Z,"WeatherStation","75D6B3E4","7D3EC76B6FA23282",31.799999237060547,1008.85595703125,37.700000762939453,14.399991035461426,103,"device-00000001"
2019-07-29T00:00:00.0000000,2019-07-29T22:22:10.8757618Z,1,2019-07-29T22:22:10.8140000Z,"WeatherStation","75D6B3E4","7D3EC76B6FA23282",31.799999237060547,1008.798828125,37.700000762939453,14.399991035461426,103,"device-00000001"
2019-07-29T00:00:00.0000000,2019-07-29T22:22:41.1690738Z,1,2019-07-29T22:22:41.0820000Z,"WeatherStation","75D6B3E4","E4342BC7D8D3E79C",32,1008.852783203125,37.299999237060547,14.399991035461426,104,"device-00000001"
2019-07-29T00:00:00.0000000,2019-07-29T22:23:11.4716754Z,1,2019-07-29T22:23:11.3430000Z,"WeatherStation","75D6B3E4","6FF3989F069A0B6F",31.700000762939453,1008.817138671875,39.799999237060547,14.399991035461426,104,"device-00000001"
2019-07-29T00:00:00.0000000,2019-07-29T22:23:41.6510447Z,1,2019-07-29T22:23:41.6010000Z,"WeatherStation","75D6B3E4","E0CD27BFEC0B2FA1",31.399999618530273,1008.7421875,38.799999237060547,14.399991035461426,103,"device-00000001"
2019-07-29T00:00:00.0000000,2019-07-29T22:24:11.9850451Z,1,2019-07-29T22:24:11.8570000Z,"WeatherStation","75D6B3E4","6E53360F227A063F",31.399999618530273,1008.773681640625,38.099998474121094,14.399991035461426,104,"device-00000001"
2019-07-29T00:00:00.0000000,2019-07-29T22:24:42.1747749Z,1,2019-07-29T22:24:42.1160000Z,"WeatherStation","75D6B3E4","E0CD27BFEC0B2FA1",31.399999618530273,1008.773193359375,39.299999237060547,14.399991035461426,103,"device-00000001"
2019-07-29T00:00:00.0000000,2019-07-29T22:25:12.4709676Z,1,2019-07-29T22:25:12.3650000Z,"WeatherStation","75D6B3E4","7B6F1FE2184693A5",31.600000381469727,1008.785400390625,38.400001525878906,14.399991035461426,104,"device-00000001"
2019-07-29T00:00:00.0000000,2019-07-29T22:25:42.7574875Z,1,2019-07-29T22:25:42.6270000Z,"WeatherStation","75D6B3E4","E0CD27BFEC0B2FA1",31.399999618530273,1008.75244140625,39,14.399991035461426,103,"device-00000001"
2019-07-29T00:00:00.0000000,2019-07-29T22:26:12.9496337Z,1,2019-07-29T22:26:12.8920000Z,"WeatherStation","75D6B3E4","25D6C7FC046EF6A6",31.799999237060547,1008.74755859375,38.299999237060547,14.399991035461426,102,"device-00000001"
2019-07-29T00:00:00.0000000,2019-07-29T22:26:43.2584229Z,1,2019-07-29T22:26:43.1490000Z,"WeatherStation","75D6B3E4","8257D0C74E0615EB",32,1008.734375,37.299999237060547,14.399991035461426,103,"device-00000001"
2019-07-29T00:00:00.0000000,2019-07-29T22:27:13.4594724Z,1,2019-07-29T22:27:13.4030000Z,"WeatherStation","75D6B3E4","F81C1C797559C3CF",31.899999618530273,1008.72998046875,37.099998474121094,14.399991035461426,106,"device-00000001"
2019-07-29T00:00:00.0000000,2019-07-29T22:27:43.7611475Z,1,2019-07-29T22:27:43.6840000Z,"WeatherStation","75D6B3E4","E4342BC7D8D3E79C",32,1008.64892578125,37.700000762939453,14.399991035461426,104,"device-00000001"
2019-07-29T00:00:00.0000000,2019-07-29T22:28:14.0919030Z,1,2019-07-29T22:28:13.9170000Z,"WeatherStation","75D6B3E4","6B853FD4DB6C3E18",32.200000762939453,1008.724853515625,38.099998474121094,14.399991035461426,105,"device-00000001"
2019-07-29T00:00:00.0000000,2019-07-29T22:28:44.2852787Z,1,2019-07-29T22:28:44.1810000Z,"WeatherStation","75D6B3E4","E4342BC7D8D3E79C",32,1008.687255859375,39.200000762939453,14.399991035461426,104,"device-00000001"
2019-07-29T00:00:00.0000000,2019-07-29T22:29:14.4928394Z,1,2019-07-29T22:29:14.4470000Z,"WeatherStation","75D6B3E4","6FF3989F069A0B6F",31.700000762939453,1008.661865234375,38,14.399991035461426,104,"device-00000001"
2019-07-29T00:00:00.0000000,2019-07-29T22:29:44.7869387Z,1,2019-07-29T22:29:44.7020000Z,"WeatherStation","75D6B3E4","D92E2C6057DD9EF6",31.700000762939453,1008.71533203125,38.400001525878906,14.399991035461426,103,"device-00000001"
2019-07-29T00:00:00.0000000,2019-07-29T22:30:15.0270720Z,1,2019-07-29T22:30:14.9530000Z,"WeatherStation","75D6B3E4","2E50721588F47887",31.700000762939453,1008.6884765625,39.599998474121094,14.399991035461426,105,"device-00000001"
2019-07-29T00:00:00.0000000,2019-07-29T22:30:50.7374899Z,1,2019-07-29T22:30:50.6610000Z,"WeatherStation","75D6B3E4","E2E982855085AE0A",31.600000381469727,1008.72705078125,40.400001525878906,14.399991035461426,105,"device-00000001"
2019-07-29T00:00:00.0000000,2019-07-29T22:31:21.0607627Z,1,2019-07-29T22:31:20.9680000Z,"WeatherStation","75D6B3E4","008E73462E9783C4",31.600000381469727,1008.7001953125,38.799999237060547,14.399991035461426,102,"device-00000001"
2019-07-29T00:00:00.0000000,2019-07-29T22:31:51.3673612Z,1,2019-07-29T22:31:51.2610000Z,"WeatherStation","75D6B3E4","6FF3989F069A0B6F",31.700000762939453,1008.67724609375,38.700000762939453,14.399991035461426,104,"device-00000001"
2019-07-29T00:00:00.0000000,2019-07-29T22:32:21.5828551Z,1,2019-07-29T22:32:21.4750000Z,"WeatherStation","75D6B3E4","8257D0C74E0615EB",32,1008.712158203125,39.400001525878906,14.399991035461426,103,"device-00000001"
2019-07-29T00:00:00.0000000,2019-07-29T22:32:51.9800825Z,1,2019-07-29T22:32:51.9250000Z,"WeatherStation","75D6B3E4","E4342BC7D8D3E79C",32,1008.672119140625,38.200000762939453,14.399991035461426,104,"device-00000001"
2019-07-29T00:00:00.0000000,2019-07-29T22:33:22.2971852Z,1,2019-07-29T22:33:22.2030000Z,"WeatherStation","75D6B3E4","DA22FE34AB3314C7",31.799999237060547,1008.66455078125,38.299999237060547,14.399991035461426,104,"device-00000001"
2019-07-29T00:00:00.0000000,2019-07-29T22:33:52.5111724Z,1,2019-07-29T22:33:52.4630000Z,"WeatherStation","75D6B3E4","8257D0C74E0615EB",32,1008.620849609375,38.5,14.399991035461426,103,"device-00000001"
2019-07-29T00:00:00.0000000,2019-07-29T22:34:22.8127311Z,1,2019-07-29T22:34:22.7150000Z,"WeatherStation","75D6B3E4","4801FEA8A0BA1F59",32.099998474121094,1008.61572265625,39.099998474121094,14.399991035461426,104,"device-00000001"
2019-07-29T00:00:00.0000000,2019-07-29T22:34:53.0387066Z,1,2019-07-29T22:34:52.9790000Z,"WeatherStation","75D6B3E4","01A3CC482BF2F65D",32.200000762939453,1008.64990234375,38.599998474121094,14.399991035461426,104,"device-00000001"
2019-07-29T00:00:00.0000000,2019-07-29T22:35:23.3616246Z,1,2019-07-29T22:35:23.2420000Z,"WeatherStation","75D6B3E4","34D94271B40E13EE",32.5,1008.699951171875,38,14.399991035461426,103,"device-00000001"
2019-07-29T00:00:00.0000000,2019-07-29T22:35:53.5717382Z,1,2019-07-29T22:35:53.4890000Z,"WeatherStation","75D6B3E4","FA562C944102F967",32.5,1008.686279296875,37.700000762939453,14.399991035461426,104,"device-00000001"
2019-07-29T00:00:00.0000000,2019-07-29T22:36:23.8877680Z,1,2019-07-29T22:36:23.7500000Z,"WeatherStation","75D6B3E4","574F99D0AD45DBEA",32.200000762939453,1008.65185546875,37.700000762939453,14.399991035461426,103,"device-00000001"
2019-07-29T00:00:00.0000000,2019-07-29T22:36:54.1153048Z,1,2019-07-29T22:36:54.0120000Z,"WeatherStation","75D6B3E4","C75E6BEBBB0A222E",31.899999618530273,1008.645751953125,37.599998474121094,14.399991035461426,104,"device-00000001"
2019-07-29T00:00:00.0000000,2019-07-29T22:37:24.3426577Z,1,2019-07-29T22:37:24.2590000Z,"WeatherStation","75D6B3E4","771AE3E4CDCE7C22",32.299999237060547,1008.635498046875,37.799999237060547,14.399991035461426,103,"device-00000001"
2019-07-29T00:00:00.0000000,2019-07-29T22:37:54.6619757Z,1,2019-07-29T22:37:54.5210000Z,"WeatherStation","75D6B3E4","5EB53D55E256F152",32.5,1008.587646484375,37.900001525878906,14.399991035461426,105,"device-00000001"
2019-07-29T00:00:00.0000000,2019-07-29T22:38:24.9076663Z,1,2019-07-29T22:38:24.7850000Z,"WeatherStation","75D6B3E4","34D94271B40E13EE",32.5,1008.626220703125,38.400001525878906,14.399991035461426,103,"device-00000001"
2019-07-29T00:00:00.0000000,2019-07-29T22:38:55.1263687Z,1,2019-07-29T22:38:55.0510000Z,"WeatherStation","75D6B3E4","771AE3E4CDCE7C22",32.299999237060547,1008.614013671875,38,14.399991035461426,103,"device-00000001"
2019-07-29T00:00:00.0000000,2019-07-29T22:39:25.4560033Z,1,2019-07-29T22:39:25.3060000Z,"WeatherStation","75D6B3E4","B5F9AEB3853F1131",32.599998474121094,1008.674560546875,36.700000762939453,14.399991035461426,103,"device-00000001"
2019-07-29T00:00:00.0000000,2019-07-29T22:39:55.6887273Z,1,2019-07-29T22:39:55.5680000Z,"WeatherStation","75D6B3E4","34D94271B40E13EE",32.5,1008.65771484375,36.599998474121094,14.399991035461426,103,"device-00000001"
2019-07-29T00:00:00.0000000,2019-07-29T22:40:25.9302382Z,1,2019-07-29T22:40:25.8160000Z,"WeatherStation","75D6B3E4","34D94271B40E13EE",32.5,1008.62646484375,35.700000762939453,14.399991035461426,103,"device-00000001"
2019-07-29T00:00:00.0000000,2019-07-29T22:40:56.1755147Z,1,2019-07-29T22:40:56.0730000Z,"WeatherStation","75D6B3E4","FA562C944102F967",32.5,1008.643798828125,36.200000762939453,14.399991035461426,104,"device-00000001"
2019-07-29T00:00:00.0000000,2019-07-29T22:41:26.4427562Z,1,2019-07-29T22:41:26.3360000Z,"WeatherStation","75D6B3E4","B5F9AEB3853F1131",32.599998474121094,1008.59326171875,35.799999237060547,14.399991035461426,103,"device-00000001"
2019-07-29T00:00:00.0000000,2019-07-29T22:41:56.7111793Z,1,2019-07-29T22:41:56.6040000Z,"WeatherStation","75D6B3E4","34D94271B40E13EE",32.5,1008.59130859375,36.200000762939453,14.399991035461426,103,"device-00000001"
2019-07-29T00:00:00.0000000,2019-07-29T22:42:27.0003186Z,1,2019-07-29T22:42:26.8490000Z,"WeatherStation","75D6B3E4","2028FC6B302B374C",32.5,1008.60546875,36.400001525878906,14.399991035461426,100,"device-00000001"
2019-07-29T00:00:00.0000000,2019-07-29T22:42:57.1967122Z,1,2019-07-29T22:42:57.1100000Z,"WeatherStation","75D6B3E4","47354730F3B7B3FD",31.299999237060547,1008.59765625,36.799999237060547,14.399991035461426,102,"device-00000001"
2019-07-29T00:00:00.0000000,2019-07-29T22:43:27.4789234Z,1,2019-07-29T22:43:27.3730000Z,"WeatherStation","75D6B3E4","8595B403A1E42391",31.100000381469727,1008.589111328125,37.5,14.399991035461426,102,"device-00000001"
2019-07-29T00:00:00.0000000,2019-07-29T22:43:57.7713183Z,1,2019-07-29T22:43:57.6320000Z,"WeatherStation","75D6B3E4","529734ED4E2E3FE4",30.799999237060547,1008.63818359375,37.799999237060547,14.399991035461426,101,"device-00000001"
2019-07-29T00:00:00.0000000,2019-07-29T22:44:27.9582962Z,1,2019-07-29T22:44:27.8920000Z,"WeatherStation","75D6B3E4","54DB39DAA60780F1",30.600000381469727,1008.571044921875,38.299999237060547,14.399991035461426,101,"device-00000001"
2019-07-29T00:00:00.0000000,2019-07-29T22:44:58.2369869Z,1,2019-07-29T22:44:58.1460000Z,"WeatherStation","75D6B3E4","66D1FB88DC8F915B",30.5,1008.594482421875,38.700000762939453,14.399991035461426,102,"device-00000001"
2019-07-29T00:00:00.0000000,2019-07-29T22:45:28.4877528Z,1,2019-07-29T22:45:28.4070000Z,"WeatherStation","75D6B3E4","0E0409B757BAB2C8",30.299999237060547,1008.570068359375,38.5,14.399991035461426,101,"device-00000001"
2019-07-29T00:00:00.0000000,2019-07-29T22:45:58.7472034Z,1,2019-07-29T22:45:58.6700000Z,"WeatherStation","75D6B3E4","C6465DC4EE7EBB4B",30,1008.565185546875,38.900001525878906,14.399991035461426,103,"device-00000001"
2019-07-29T00:00:00.0000000,2019-07-29T22:46:29.0141590Z,1,2019-07-29T22:46:28.9240000Z,"WeatherStation","75D6B3E4","C31A0D9B2CFC8501",29.899999618530273,1008.5576171875,39.299999237060547,14.399991035461426,102,"device-00000001"
2019-07-29T00:00:00.0000000,2019-07-29T22:46:59.2667598Z,1,2019-07-29T22:46:59.1860000Z,"WeatherStation","75D6B3E4","5662038664FA530F",29.799999237060547,1008.58203125,39.299999237060547,14.399991035461426,101,"device-00000001"
2019-07-29T00:00:00.0000000,2019-07-29T22:47:29.6489092Z,1,2019-07-29T22:47:29.5870000Z,"WeatherStation","75D6B3E4","68504D05A4DCCD23",29.399999618530273,1008.598876953125,39.700000762939453,14.399991035461426,101,"device-00000001"
2019-07-29T00:00:00.0000000,2019-07-29T22:48:00.0309309Z,1,2019-07-29T22:47:59.9040000Z,"WeatherStation","75D6B3E4","2C2F5D7E1EB9AA71",29.600000381469727,1008.577880859375,39.599998474121094,14.399991035461426,101,"device-00000001"
2019-07-29T00:00:00.0000000,2019-07-29T22:48:30.2862255Z,1,2019-07-29T22:48:30.1610000Z,"WeatherStation","75D6B3E4","68504D05A4DCCD23",29.399999618530273,1008.536376953125,39.400001525878906,14.399991035461426,101,"device-00000001"
2019-07-29T00:00:00.0000000,2019-07-29T22:49:00.5230786Z,1,2019-07-29T22:49:00.4200000Z,"WeatherStation","75D6B3E4","E8A9E91DF2770187",29.5,1008.53955078125,39.5,14.399991035461426,102,"device-00000001"
2019-07-29T00:00:00.0000000,2019-07-29T22:49:30.7623711Z,1,2019-07-29T22:49:30.6800000Z,"WeatherStation","75D6B3E4","EEF582BA113D7092",29.600000381469727,1008.525634765625,39.5,14.399991035461426,103,"device-00000001"
2019-07-29T00:00:00.0000000,2019-07-29T22:50:01.0201686Z,1,2019-07-29T22:50:00.9410000Z,"WeatherStation","75D6B3E4","B0D025071462B8EF",29.399999618530273,1008.578125,39.700000762939453,14.399991035461426,103,"device-00000001"
2019-07-29T00:00:00.0000000,2019-07-29T22:50:31.2833229Z,1,2019-07-29T22:50:31.1850000Z,"WeatherStation","75D6B3E4","73D7F9267F48554C",29.5,1008.56103515625,40.099998474121094,14.399991035461426,103,"device-00000001"
2019-07-29T00:00:00.0000000,2019-07-29T22:51:01.5906366Z,1,2019-07-29T22:51:01.4500000Z,"WeatherStation","75D6B3E4","340B002A6534ECAB",29.600000381469727,1008.523681640625,39.700000762939453,14.399991035461426,102,"device-00000001"
2019-07-29T00:00:00.0000000,2019-07-29T22:51:31.7839960Z,1,2019-07-29T22:51:31.7120000Z,"WeatherStation","75D6B3E4","346927E9B9E69BE1",29.799999237060547,1008.52197265625,39.400001525878906,14.399991035461426,102,"device-00000001"
2019-07-29T00:00:00.0000000,2019-07-29T22:52:02.0801291Z,1,2019-07-29T22:52:01.9630000Z,"WeatherStation","75D6B3E4","F802C646B6ED678D",29.700000762939453,1008.531982421875,39.5,14.399991035461426,102,"device-00000001"
2019-07-29T00:00:00.0000000,2019-07-29T22:52:32.3414483Z,1,2019-07-29T22:52:32.2250000Z,"WeatherStation","75D6B3E4","BAC8E585B445D550",29.799999237060547,1008.55419921875,39.599998474121094,14.399991035461426,103,"device-00000001"
2019-07-29T00:00:00.0000000,2019-07-29T22:53:02.5953556Z,1,2019-07-29T22:53:02.4930000Z,"WeatherStation","75D6B3E4","346927E9B9E69BE1",29.799999237060547,1008.531005859375,39.799999237060547,14.399991035461426,102,"device-00000001"
2019-07-29T00:00:00.0000000,2019-07-29T22:53:32.8342809Z,1,2019-07-29T22:53:32.7390000Z,"WeatherStation","75D6B3E4","F802C646B6ED678D",29.700000762939453,1008.47216796875,39.799999237060547,14.399991035461426,102,"device-00000001"
2019-07-29T00:00:00.0000000,2019-07-29T22:54:03.0742940Z,1,2019-07-29T22:54:03.0010000Z,"WeatherStation","75D6B3E4","73D7F9267F48554C",29.5,1008.508056640625,39.799999237060547,14.399991035461426,103,"device-00000001"
2019-07-29T00:00:00.0000000,2019-07-29T22:54:33.3106637Z,1,2019-07-29T22:54:33.2510000Z,"WeatherStation","75D6B3E4","63E44924441C5AE2",29.5,1008.483154296875,39.799999237060547,14.399991035461426,108,"device-00000001"
2019-07-29T00:00:00.0000000,2019-07-29T22:55:03.7475717Z,1,2019-07-29T22:55:03.6590000Z,"WeatherStation","75D6B3E4","B0D025071462B8EF",29.399999618530273,1008.50537109375,40.099998474121094,14.399991035461426,103,"device-00000001"
2019-07-29T00:00:00.0000000,2019-07-29T22:55:34.0015527Z,1,2019-07-29T22:55:33.8780000Z,"WeatherStation","75D6B3E4","E8A9E91DF2770187",29.5,1008.452392578125,40.299999237060547,14.399991035461426,102,"device-00000001"
2019-07-29T00:00:00.0000000,2019-07-29T22:56:04.2278741Z,1,2019-07-29T22:56:04.1330000Z,"WeatherStation","75D6B3E4","B9C1BF891C82EA86",29.299999237060547,1008.48583984375,40.200000762939453,14.399991035461426,102,"device-00000001"
2019-07-29T00:00:00.0000000,2019-07-29T22:56:34.4613379Z,1,2019-07-29T22:56:34.4010000Z,"WeatherStation","75D6B3E4","E0DC6328AC2B19CA",29.100000381469727,1008.408935546875,40.400001525878906,14.399991035461426,103,"device-00000001"
2019-07-29T00:00:00.0000000,2019-07-29T22:57:04.7008957Z,1,2019-07-29T22:57:04.6470000Z,"WeatherStation","75D6B3E4","510DF9B87CEB45AE",28.799999237060547,1008.49169921875,40.900001525878906,14.399991035461426,103,"device-00000001"
2019-07-29T00:00:00.0000000,2019-07-29T22:57:35.0229042Z,1,2019-07-29T22:57:34.9120000Z,"WeatherStation","75D6B3E4","A33CD15B7A0FDCA8",29,1008.467041015625,41,14.399991035461426,102,"device-00000001"
2019-07-29T00:00:00.0000000,2019-07-29T22:58:05.3287735Z,1,2019-07-29T22:58:05.1860000Z,"WeatherStation","75D6B3E4","3E6389BBC7187B44",29,1008.47216796875,40.900001525878906,14.399991035461426,103,"device-00000001"
2019-07-29T00:00:00.0000000,2019-07-29T22:58:35.5574068Z,1,2019-07-29T22:58:35.4330000Z,"WeatherStation","75D6B3E4","6E5DD1951CD8BD4B",29.200000762939453,1008.460205078125,40.5,14.399991035461426,103,"device-00000001"
2019-07-29T00:00:00.0000000,2019-07-29T22:59:05.7950320Z,1,2019-07-29T22:59:05.6800000Z,"WeatherStation","75D6B3E4","6E5DD1951CD8BD4B",29.200000762939453,1008.437255859375,40.5,14.399991035461426,103,"device-00000001"
2019-07-29T00:00:00.0000000,2019-07-29T22:59:36.0240844Z,1,2019-07-29T22:59:35.9570000Z,"WeatherStation","75D6B3E4","54775AAA63520218",29.200000762939453,1008.468505859375,40.299999237060547,14.399991035461426,102,"device-00000001"
